index, timestamp, power.draw [W], memory.used [MiB], utilization.memory [%], utilization.gpu [%], temperature.gpu
0, 2023/09/06 13:15:11.652, 218.80, 28153, 75, 100, 53
0, 2023/09/06 13:15:11.716, 277.85, 28153, 75, 100, 52
0, 2023/09/06 13:15:11.777, 259.82, 28153, 72, 100, 52
0, 2023/09/06 13:15:11.836, 259.82, 28155, 72, 100, 52
0, 2023/09/06 13:15:11.897, 236.75, 28155, 72, 100, 52
0, 2023/09/06 13:15:11.958, 236.75, 28155, 78, 100, 53
0, 2023/09/06 13:15:12.019, 253.75, 28155, 78, 100, 52
0, 2023/09/06 13:15:12.080, 240.86, 28155, 78, 100, 52
0, 2023/09/06 13:15:12.140, 240.86, 28155, 55, 100, 52
0, 2023/09/06 13:15:12.194, 87.51, 28155, 55, 100, 50
0, 2023/09/06 13:15:12.249, 87.51, 28155, 55, 100, 53
0, 2023/09/06 13:15:12.313, 260.90, 28155, 55, 100, 52
0, 2023/09/06 13:15:12.367, 260.90, 28159, 53, 91, 53
0, 2023/09/06 13:15:12.431, 297.97, 28161, 53, 91, 53
0, 2023/09/06 13:15:12.492, 232.53, 28163, 53, 91, 52
0, 2023/09/06 13:15:12.546, 232.53, 28163, 74, 100, 53
0, 2023/09/06 13:15:12.607, 208.38, 28163, 74, 100, 52
0, 2023/09/06 13:15:12.667, 208.38, 28163, 74, 100, 53
0, 2023/09/06 13:15:12.733, 274.64, 28163, 74, 100, 53
0, 2023/09/06 13:15:12.800, 283.66, 28163, 70, 100, 53
0, 2023/09/06 13:15:13.139, 145.07, 28163, 70, 100, 52
0, 2023/09/06 13:15:13.198, 172.39, 28163, 55, 100, 52
0, 2023/09/06 13:15:13.256, 172.39, 28163, 55, 100, 53
0, 2023/09/06 13:15:13.310, 269.18, 28163, 55, 100, 53
0, 2023/09/06 13:15:13.369, 269.18, 28163, 63, 100, 53
0, 2023/09/06 13:15:13.424, 268.60, 28163, 63, 100, 53
0, 2023/09/06 13:15:13.484, 268.60, 28163, 63, 100, 53
0, 2023/09/06 13:15:13.545, 252.80, 28163, 63, 100, 53
0, 2023/09/06 13:15:13.604, 224.35, 28163, 79, 100, 53
0, 2023/09/06 13:15:13.666, 224.35, 28163, 79, 100, 53
0, 2023/09/06 13:15:13.725, 252.68, 28163, 79, 100, 53
0, 2023/09/06 13:15:13.785, 252.68, 28163, 69, 100, 52
0, 2023/09/06 13:15:13.839, 149.30, 28163, 69, 100, 52
0, 2023/09/06 13:15:13.899, 235.68, 28163, 69, 100, 52
0, 2023/09/06 13:15:13.966, 235.68, 28163, 39, 94, 53
0, 2023/09/06 13:15:14.047, 304.16, 28163, 77, 100, 53
0, 2023/09/06 13:15:14.366, 304.16, 28163, 77, 100, 54
0, 2023/09/06 13:15:14.420, 188.51, 28163, 70, 100, 53
0, 2023/09/06 13:15:14.490, 188.51, 28165, 70, 100, 53
0, 2023/09/06 13:15:14.552, 264.40, 28165, 70, 100, 53
0, 2023/09/06 13:15:14.607, 264.40, 28165, 74, 100, 53
0, 2023/09/06 13:15:14.662, 264.02, 28165, 74, 100, 53
0, 2023/09/06 13:15:14.721, 219.93, 28165, 74, 100, 53
0, 2023/09/06 13:15:14.781, 219.93, 28165, 69, 100, 53
0, 2023/09/06 13:15:14.842, 182.73, 28165, 69, 100, 53
0, 2023/09/06 13:15:14.896, 182.73, 28165, 69, 100, 54
0, 2023/09/06 13:15:14.951, 287.78, 28167, 69, 100, 54
0, 2023/09/06 13:15:15.010, 287.78, 28169, 56, 100, 54
0, 2023/09/06 13:15:15.066, 272.20, 28171, 56, 100, 54
0, 2023/09/06 13:15:15.122, 212.72, 28173, 56, 100, 54
0, 2023/09/06 13:15:15.178, 212.72, 28173, 56, 100, 54
0, 2023/09/06 13:15:15.233, 268.60, 28173, 77, 100, 54
0, 2023/09/06 13:15:15.289, 268.60, 28173, 77, 100, 54
0, 2023/09/06 13:15:15.349, 244.88, 28173, 71, 100, 54
0, 2023/09/06 13:15:15.655, 210.90, 28173, 71, 100, 54
0, 2023/09/06 13:15:15.715, 210.90, 28173, 71, 100, 55
0, 2023/09/06 13:15:15.776, 238.94, 28173, 71, 100, 54
0, 2023/09/06 13:15:15.838, 269.66, 28173, 62, 100, 55
0, 2023/09/06 13:15:15.898, 269.66, 28175, 62, 100, 55
0, 2023/09/06 13:15:15.961, 251.80, 28175, 62, 100, 54
0, 2023/09/06 13:15:16.021, 251.80, 28175, 72, 100, 54
0, 2023/09/06 13:15:16.081, 264.49, 28175, 72, 100, 54
0, 2023/09/06 13:15:16.142, 250.92, 28175, 72, 100, 54
0, 2023/09/06 13:15:16.201, 250.92, 28175, 80, 100, 54
0, 2023/09/06 13:15:16.255, 209.65, 28175, 80, 100, 54
0, 2023/09/06 13:15:16.310, 209.65, 28177, 80, 100, 54
0, 2023/09/06 13:15:16.365, 253.87, 28177, 80, 100, 54
0, 2023/09/06 13:15:16.425, 238.89, 28179, 63, 100, 55
0, 2023/09/06 13:15:16.743, 208.79, 28183, 63, 100, 55
0, 2023/09/06 13:15:16.800, 208.79, 28183, 63, 100, 55
0, 2023/09/06 13:15:16.856, 247.01, 28183, 69, 100, 55
0, 2023/09/06 13:15:16.918, 247.01, 28185, 69, 100, 53
0, 2023/09/06 13:15:16.974, 286.91, 28185, 69, 100, 55
0, 2023/09/06 13:15:17.035, 286.91, 28185, 62, 100, 54
0, 2023/09/06 13:15:17.095, 232.04, 28185, 62, 100, 55
0, 2023/09/06 13:15:17.156, 202.26, 28185, 62, 100, 54
0, 2023/09/06 13:15:17.225, 202.26, 28185, 67, 100, 55
0, 2023/09/06 13:15:17.280, 249.76, 28185, 67, 100, 55
0, 2023/09/06 13:15:17.341, 249.76, 28187, 67, 100, 55
0, 2023/09/06 13:15:17.409, 267.70, 28187, 67, 100, 54
0, 2023/09/06 13:15:17.464, 274.36, 28189, 72, 100, 54
0, 2023/09/06 13:15:17.522, 274.36, 28189, 72, 100, 55
0, 2023/09/06 13:15:17.597, 285.52, 28189, 55, 91, 54
0, 2023/09/06 13:15:17.879, 220.37, 28193, 55, 91, 54
0, 2023/09/06 13:15:17.933, 220.37, 28193, 55, 91, 54
0, 2023/09/06 13:15:17.989, 229.79, 28193, 55, 91, 55
0, 2023/09/06 13:15:18.044, 229.79, 28193, 56, 91, 55
0, 2023/09/06 13:15:18.105, 215.94, 28193, 56, 91, 54
0, 2023/09/06 13:15:18.160, 215.94, 28193, 56, 91, 55
0, 2023/09/06 13:15:18.215, 271.83, 28193, 56, 91, 55
0, 2023/09/06 13:15:18.275, 230.60, 28193, 71, 100, 55
0, 2023/09/06 13:15:18.333, 230.60, 28193, 71, 100, 55
0, 2023/09/06 13:15:18.389, 261.66, 28193, 71, 100, 55
0, 2023/09/06 13:15:18.449, 261.66, 28193, 74, 100, 55
0, 2023/09/06 13:15:18.504, 209.93, 28193, 74, 100, 55
0, 2023/09/06 13:15:18.560, 209.93, 28193, 74, 100, 55
0, 2023/09/06 13:15:18.628, 177.14, 28193, 74, 100, 54
0, 2023/09/06 13:15:18.683, 300.58, 28193, 53, 97, 55
0, 2023/09/06 13:15:18.741, 300.58, 28193, 53, 97, 55
0, 2023/09/06 13:15:18.822, 169.43, 28195, 53, 97, 55
0, 2023/09/06 13:15:18.906, 252.79, 28195, 71, 100, 54
0, 2023/09/06 13:15:18.973, 252.79, 28195, 71, 100, 55
0, 2023/09/06 13:15:19.028, 248.38, 28197, 71, 100, 55
0, 2023/09/06 13:15:19.091, 258.58, 28197, 67, 100, 55
0, 2023/09/06 13:15:19.148, 258.58, 28199, 67, 100, 55
0, 2023/09/06 13:15:19.207, 224.23, 28199, 67, 100, 55
0, 2023/09/06 13:15:19.268, 224.23, 28199, 69, 100, 55
0, 2023/09/06 13:15:19.322, 255.62, 28199, 69, 100, 56
0, 2023/09/06 13:15:19.377, 255.62, 28199, 69, 100, 56
0, 2023/09/06 13:15:19.432, 192.88, 28199, 61, 100, 55
0, 2023/09/06 13:15:19.748, 192.88, 28205, 61, 100, 56
0, 2023/09/06 13:15:19.803, 293.20, 28205, 61, 100, 56
0, 2023/09/06 13:15:19.859, 293.20, 28205, 58, 100, 56
0, 2023/09/06 13:15:19.917, 200.11, 28207, 58, 100, 55
0, 2023/09/06 13:15:19.971, 200.11, 28207, 58, 100, 56
0, 2023/09/06 13:15:20.026, 252.97, 28209, 58, 100, 55
0, 2023/09/06 13:15:20.082, 252.97, 28209, 73, 100, 55
0, 2023/09/06 13:15:20.144, 261.61, 28209, 73, 100, 56
0, 2023/09/06 13:15:20.204, 234.10, 28209, 73, 100, 56
0, 2023/09/06 13:15:20.272, 234.10, 28209, 70, 100, 56
0, 2023/09/06 13:15:20.326, 233.09, 28209, 70, 100, 55
0, 2023/09/06 13:15:20.386, 233.09, 28209, 70, 100, 55
0, 2023/09/06 13:15:20.446, 198.43, 28209, 70, 100, 56
0, 2023/09/06 13:15:20.508, 254.04, 28211, 50, 100, 56
0, 2023/09/06 13:15:20.568, 254.04, 28211, 50, 100, 56
0, 2023/09/06 13:15:20.629, 252.11, 28213, 50, 100, 56
0, 2023/09/06 13:15:20.690, 252.11, 28213, 73, 100, 56
0, 2023/09/06 13:15:20.747, 253.46, 28213, 73, 100, 56
0, 2023/09/06 13:15:20.802, 270.74, 28213, 73, 100, 56
0, 2023/09/06 13:15:20.859, 270.74, 28213, 73, 100, 56
0, 2023/09/06 13:15:20.916, 242.16, 28213, 79, 100, 55
0, 2023/09/06 13:15:20.975, 242.16, 28213, 79, 100, 56
0, 2023/09/06 13:15:21.035, 186.77, 28213, 79, 100, 55
0, 2023/09/06 13:15:21.107, 239.28, 28213, 65, 100, 57
0, 2023/09/06 13:15:21.164, 239.28, 28213, 65, 100, 56
0, 2023/09/06 13:15:21.225, 278.63, 28213, 65, 100, 56
0, 2023/09/06 13:15:21.281, 278.63, 28213, 72, 100, 55
0, 2023/09/06 13:15:21.347, 241.57, 28213, 72, 100, 56
0, 2023/09/06 13:15:21.403, 241.57, 28213, 72, 100, 56
0, 2023/09/06 13:15:21.462, 225.67, 28213, 72, 100, 56
0, 2023/09/06 13:15:21.527, 204.35, 28213, 76, 100, 56
0, 2023/09/06 13:15:21.584, 204.35, 28213, 76, 100, 56
0, 2023/09/06 13:15:21.644, 298.54, 28213, 76, 100, 56
0, 2023/09/06 13:15:21.702, 298.54, 28213, 71, 100, 54
0, 2023/09/06 13:15:21.757, 158.31, 28213, 71, 100, 55
0, 2023/09/06 13:15:21.811, 158.31, 28213, 71, 100, 57
0, 2023/09/06 13:15:21.867, 260.11, 28213, 71, 100, 55
0, 2023/09/06 13:15:21.933, 278.45, 28213, 60, 98, 56
0, 2023/09/06 13:15:21.987, 278.45, 28213, 60, 98, 56
0, 2023/09/06 13:15:22.042, 252.79, 28213, 60, 98, 56
0, 2023/09/06 13:15:22.097, 252.79, 28213, 74, 100, 56
0, 2023/09/06 13:15:22.152, 258.68, 28213, 74, 100, 56
0, 2023/09/06 13:15:22.220, 258.68, 28213, 74, 100, 56
0, 2023/09/06 13:15:22.276, 214.77, 28213, 74, 100, 56
0, 2023/09/06 13:15:22.335, 281.63, 28213, 73, 100, 56
0, 2023/09/06 13:15:22.394, 281.63, 28213, 73, 100, 56
0, 2023/09/06 13:15:22.456, 196.35, 28213, 73, 100, 56
0, 2023/09/06 13:15:22.517, 196.35, 28213, 63, 100, 57
0, 2023/09/06 13:15:22.575, 223.11, 28213, 63, 100, 57
0, 2023/09/06 13:15:22.629, 251.42, 28213, 63, 100, 57
0, 2023/09/06 13:15:22.686, 251.42, 28213, 63, 100, 56
0, 2023/09/06 13:15:22.747, 272.69, 28213, 69, 100, 56
0, 2023/09/06 13:15:22.802, 272.69, 28213, 69, 100, 56
0, 2023/09/06 13:15:22.869, 211.57, 28213, 69, 100, 57
0, 2023/09/06 13:15:22.925, 211.57, 28213, 73, 100, 57
0, 2023/09/06 13:15:22.984, 243.80, 28213, 73, 100, 56
0, 2023/09/06 13:15:23.044, 258.66, 28213, 73, 100, 56
0, 2023/09/06 13:15:23.105, 258.66, 28213, 70, 100, 57
0, 2023/09/06 13:15:23.166, 197.65, 28213, 70, 100, 56
0, 2023/09/06 13:15:23.220, 197.65, 28213, 70, 100, 57
0, 2023/09/06 13:15:23.275, 269.46, 28213, 70, 100, 57
0, 2023/09/06 13:15:23.331, 269.46, 28213, 62, 100, 57
0, 2023/09/06 13:15:23.390, 214.27, 28213, 62, 100, 57
0, 2023/09/06 13:15:23.447, 255.91, 28213, 62, 100, 57
0, 2023/09/06 13:15:23.502, 255.91, 28213, 69, 100, 56
0, 2023/09/06 13:15:23.556, 279.59, 28213, 69, 100, 57
0, 2023/09/06 13:15:23.613, 279.59, 28213, 69, 100, 57
0, 2023/09/06 13:15:23.679, 188.05, 28213, 69, 100, 56
0, 2023/09/06 13:15:23.734, 188.05, 28213, 73, 100, 57
0, 2023/09/06 13:15:23.795, 274.95, 28213, 73, 100, 57
0, 2023/09/06 13:15:23.856, 252.69, 28213, 73, 100, 57
0, 2023/09/06 13:15:23.918, 252.69, 28213, 61, 100, 58
0, 2023/09/06 13:15:23.978, 282.42, 28213, 61, 100, 57
0, 2023/09/06 13:15:24.044, 282.42, 28213, 61, 100, 56
0, 2023/09/06 13:15:24.100, 198.32, 28213, 61, 100, 57
0, 2023/09/06 13:15:24.159, 247.31, 28215, 75, 100, 57
0, 2023/09/06 13:15:24.220, 247.31, 28215, 75, 100, 57
0, 2023/09/06 13:15:24.280, 258.85, 28215, 75, 100, 57
0, 2023/09/06 13:15:24.334, 258.85, 28217, 69, 100, 57
0, 2023/09/06 13:15:24.389, 293.59, 28217, 69, 100, 58
0, 2023/09/06 13:15:24.447, 293.59, 28217, 69, 100, 57
0, 2023/09/06 13:15:24.507, 203.57, 28217, 69, 100, 57
0, 2023/09/06 13:15:24.574, 250.45, 28221, 65, 100, 57
0, 2023/09/06 13:15:24.629, 250.45, 28221, 65, 100, 57
0, 2023/09/06 13:15:24.705, 244.68, 28221, 65, 100, 56
0, 2023/09/06 13:15:24.760, 295.54, 28223, 69, 100, 57
0, 2023/09/06 13:15:24.825, 295.54, 28223, 69, 100, 57
0, 2023/09/06 13:15:24.880, 221.28, 28223, 69, 100, 57
0, 2023/09/06 13:15:24.935, 221.28, 28225, 74, 100, 57
0, 2023/09/06 13:15:24.991, 265.41, 28225, 74, 100, 57
0, 2023/09/06 13:15:25.046, 265.41, 28225, 74, 100, 57
0, 2023/09/06 13:15:25.100, 239.99, 28227, 74, 100, 57
0, 2023/09/06 13:15:25.155, 239.99, 28227, 69, 100, 58
0, 2023/09/06 13:15:25.215, 235.45, 28227, 69, 100, 58
0, 2023/09/06 13:15:25.276, 254.56, 28229, 69, 100, 57
0, 2023/09/06 13:15:25.350, 254.56, 28229, 72, 100, 57
0, 2023/09/06 13:15:25.405, 212.52, 28229, 72, 100, 57
0, 2023/09/06 13:15:25.460, 212.52, 28231, 72, 100, 58
0, 2023/09/06 13:15:25.520, 280.18, 28231, 72, 100, 57
0, 2023/09/06 13:15:25.581, 222.14, 28231, 69, 100, 57
0, 2023/09/06 13:15:25.639, 222.14, 28231, 69, 100, 58
0, 2023/09/06 13:15:25.694, 221.89, 28233, 69, 100, 57
0, 2023/09/06 13:15:25.748, 221.89, 28233, 63, 100, 58
0, 2023/09/06 13:15:25.806, 178.77, 28233, 63, 100, 57
0, 2023/09/06 13:15:25.871, 178.77, 28233, 63, 100, 58
0, 2023/09/06 13:15:25.929, 274.64, 28233, 63, 100, 57
0, 2023/09/06 13:15:25.991, 285.04, 28233, 66, 100, 57
0, 2023/09/06 13:15:26.048, 285.04, 28233, 66, 100, 57
0, 2023/09/06 13:15:26.108, 159.42, 28233, 66, 100, 57
0, 2023/09/06 13:15:26.165, 159.42, 28233, 75, 100, 58
0, 2023/09/06 13:15:26.224, 279.71, 28233, 75, 100, 58
0, 2023/09/06 13:15:26.279, 208.87, 28233, 75, 100, 56
0, 2023/09/06 13:15:26.335, 208.87, 28233, 75, 100, 58
0, 2023/09/06 13:15:26.394, 230.20, 28233, 62, 100, 57
0, 2023/09/06 13:15:26.451, 230.20, 28233, 62, 100, 58
0, 2023/09/06 13:15:26.513, 226.71, 28233, 62, 100, 58
0, 2023/09/06 13:15:26.573, 226.71, 28233, 54, 100, 57
0, 2023/09/06 13:15:26.635, 303.71, 28233, 54, 100, 58
0, 2023/09/06 13:15:26.697, 171.30, 28233, 54, 100, 57
0, 2023/09/06 13:15:26.759, 171.30, 28233, 67, 100, 58
0, 2023/09/06 13:15:26.818, 284.48, 28233, 67, 100, 58
0, 2023/09/06 13:15:26.881, 284.48, 28233, 67, 100, 58
0, 2023/09/06 13:15:26.940, 262.06, 28233, 67, 100, 58
0, 2023/09/06 13:15:27.007, 222.13, 28233, 77, 100, 57
0, 2023/09/06 13:15:27.065, 222.13, 28233, 77, 100, 57
0, 2023/09/06 13:15:27.127, 262.54, 28233, 77, 100, 57
0, 2023/09/06 13:15:27.184, 262.54, 28233, 77, 100, 57
0, 2023/09/06 13:15:27.244, 240.75, 28233, 77, 100, 58
0, 2023/09/06 13:15:27.305, 235.47, 28233, 77, 100, 58
0, 2023/09/06 13:15:27.376, 235.47, 28233, 66, 100, 58
0, 2023/09/06 13:15:27.432, 242.73, 28233, 66, 100, 58
0, 2023/09/06 13:15:27.488, 242.73, 28233, 66, 100, 58
0, 2023/09/06 13:15:27.546, 271.70, 28233, 66, 100, 59
0, 2023/09/06 13:15:27.606, 248.48, 28233, 61, 100, 58
0, 2023/09/06 13:15:27.660, 248.48, 28233, 61, 100, 58
0, 2023/09/06 13:15:27.715, 271.55, 28233, 61, 100, 58
0, 2023/09/06 13:15:27.772, 271.55, 28233, 73, 100, 58
0, 2023/09/06 13:15:27.828, 246.92, 28233, 73, 100, 58
0, 2023/09/06 13:15:27.883, 246.92, 28233, 73, 100, 58
0, 2023/09/06 13:15:27.940, 244.40, 28233, 73, 100, 58
0, 2023/09/06 13:15:27.995, 244.40, 28233, 79, 100, 58
0, 2023/09/06 13:15:28.052, 242.43, 28233, 79, 100, 57
0, 2023/09/06 13:15:28.107, 224.71, 28233, 79, 100, 58
0, 2023/09/06 13:15:28.163, 224.71, 28233, 78, 100, 58
0, 2023/09/06 13:15:28.218, 248.41, 28233, 78, 100, 58
0, 2023/09/06 13:15:28.273, 248.41, 28233, 78, 100, 58
0, 2023/09/06 13:15:28.328, 262.85, 28233, 78, 100, 58
0, 2023/09/06 13:15:28.382, 262.85, 28233, 59, 100, 59
0, 2023/09/06 13:15:28.451, 226.74, 28233, 59, 100, 59
0, 2023/09/06 13:15:28.514, 245.38, 28233, 59, 100, 58
0, 2023/09/06 13:15:28.570, 245.38, 28233, 69, 100, 58
0, 2023/09/06 13:15:28.632, 213.24, 28233, 69, 100, 58
0, 2023/09/06 13:15:28.687, 213.24, 28235, 69, 100, 58
0, 2023/09/06 13:15:28.753, 275.41, 28235, 69, 100, 58
0, 2023/09/06 13:15:28.808, 275.41, 28235, 75, 100, 58
0, 2023/09/06 13:15:28.867, 240.48, 28235, 75, 100, 58
0, 2023/09/06 13:15:28.927, 251.62, 28237, 75, 100, 58
0, 2023/09/06 13:15:28.991, 251.62, 28237, 75, 100, 58
0, 2023/09/06 13:15:29.050, 252.80, 28237, 75, 100, 58
0, 2023/09/06 13:15:29.115, 252.80, 28237, 75, 100, 58
0, 2023/09/06 13:15:29.172, 206.79, 28239, 75, 100, 58
0, 2023/09/06 13:15:29.238, 242.52, 28239, 73, 100, 58
0, 2023/09/06 13:15:29.295, 242.52, 28239, 73, 100, 59
0, 2023/09/06 13:15:29.354, 274.54, 28239, 73, 100, 59
0, 2023/09/06 13:15:29.415, 274.54, 28241, 52, 100, 59
0, 2023/09/06 13:15:29.479, 294.95, 28241, 52, 100, 59
0, 2023/09/06 13:15:29.534, 186.39, 28241, 52, 100, 58
0, 2023/09/06 13:15:29.589, 186.39, 28243, 73, 100, 59
0, 2023/09/06 13:15:29.644, 240.55, 28243, 73, 100, 59
0, 2023/09/06 13:15:29.700, 240.55, 28243, 73, 100, 58
0, 2023/09/06 13:15:29.768, 281.63, 28245, 73, 100, 58
0, 2023/09/06 13:15:29.823, 281.63, 28249, 74, 100, 58
0, 2023/09/06 13:15:29.883, 235.60, 28251, 74, 100, 58
0, 2023/09/06 13:15:29.943, 232.06, 28251, 74, 100, 58
0, 2023/09/06 13:15:30.003, 232.06, 28253, 76, 100, 58
0, 2023/09/06 13:15:30.064, 278.91, 28253, 76, 100, 58
0, 2023/09/06 13:15:30.125, 278.91, 28253, 76, 100, 58
0, 2023/09/06 13:15:30.186, 212.17, 28253, 76, 100, 59
0, 2023/09/06 13:15:30.240, 224.65, 28255, 65, 100, 59
0, 2023/09/06 13:15:30.294, 224.65, 28255, 65, 100, 59
0, 2023/09/06 13:15:30.350, 258.15, 28255, 65, 100, 59
0, 2023/09/06 13:15:30.416, 258.15, 28257, 62, 100, 59
0, 2023/09/06 13:15:30.471, 242.23, 28257, 62, 100, 59
0, 2023/09/06 13:15:30.531, 242.23, 28259, 62, 100, 59
0, 2023/09/06 13:15:30.591, 258.85, 28259, 62, 100, 59
0, 2023/09/06 13:15:30.654, 252.61, 28259, 72, 100, 59
0, 2023/09/06 13:15:30.711, 252.61, 28259, 72, 100, 58
0, 2023/09/06 13:15:30.766, 258.95, 28259, 72, 100, 59
0, 2023/09/06 13:15:30.827, 258.95, 28261, 77, 100, 59
0, 2023/09/06 13:15:30.887, 212.26, 28261, 77, 100, 58
0, 2023/09/06 13:15:30.942, 279.01, 28263, 77, 100, 59
0, 2023/09/06 13:15:31.002, 279.01, 28263, 77, 100, 58
0, 2023/09/06 13:15:31.062, 226.63, 28263, 75, 100, 58
0, 2023/09/06 13:15:31.120, 226.63, 28263, 75, 100, 59
0, 2023/09/06 13:15:31.180, 184.33, 28263, 75, 100, 59
0, 2023/09/06 13:15:31.234, 184.33, 28263, 58, 100, 60
0, 2023/09/06 13:15:31.288, 275.03, 28263, 58, 100, 59
0, 2023/09/06 13:15:31.344, 275.03, 28263, 58, 100, 59
0, 2023/09/06 13:15:31.403, 235.95, 28263, 58, 100, 59
0, 2023/09/06 13:15:31.470, 271.63, 28263, 64, 100, 59
0, 2023/09/06 13:15:31.526, 271.63, 28263, 64, 100, 59
0, 2023/09/06 13:15:31.584, 244.69, 28263, 64, 100, 59
0, 2023/09/06 13:15:31.640, 244.69, 28263, 79, 100, 59
0, 2023/09/06 13:15:31.694, 241.84, 28263, 79, 100, 59
0, 2023/09/06 13:15:31.752, 241.84, 28263, 79, 100, 59
0, 2023/09/06 13:15:31.815, 263.45, 28263, 78, 100, 59
0, 2023/09/06 13:15:31.871, 250.16, 28263, 78, 100, 59
0, 2023/09/06 13:15:31.931, 250.16, 28263, 78, 100, 59
0, 2023/09/06 13:15:31.989, 217.24, 28263, 78, 100, 59
0, 2023/09/06 13:15:32.044, 217.24, 28263, 72, 100, 59
0, 2023/09/06 13:15:32.098, 260.21, 28263, 72, 100, 59
0, 2023/09/06 13:15:32.159, 260.21, 28263, 72, 100, 60
0, 2023/09/06 13:15:32.215, 200.37, 28263, 72, 100, 59
0, 2023/09/06 13:15:32.283, 274.92, 28263, 61, 100, 60
0, 2023/09/06 13:15:32.359, 261.98, 28263, 61, 100, 60
0, 2023/09/06 13:15:32.438, 261.98, 28263, 63, 100, 59
0, 2023/09/06 13:15:32.499, 279.80, 28263, 63, 100, 59
0, 2023/09/06 13:15:32.560, 279.80, 28263, 63, 100, 59
0, 2023/09/06 13:15:32.618, 232.04, 28263, 63, 100, 58
0, 2023/09/06 13:15:32.673, 305.82, 28263, 67, 100, 59
0, 2023/09/06 13:15:32.729, 305.82, 28263, 67, 100, 59
0, 2023/09/06 13:15:32.789, 77.32, 28263, 67, 100, 57
0, 2023/09/06 13:15:32.844, 77.32, 28265, 69, 93, 59
0, 2023/09/06 13:15:32.909, 286.59, 28265, 69, 93, 59
0, 2023/09/06 13:15:32.992, 249.57, 28265, 69, 93, 59
0, 2023/09/06 13:15:33.048, 249.57, 28265, 68, 100, 60
0, 2023/09/06 13:15:33.110, 179.31, 28267, 68, 100, 59
0, 2023/09/06 13:15:33.167, 179.31, 28267, 68, 100, 60
0, 2023/09/06 13:15:33.222, 212.39, 28269, 68, 100, 59
0, 2023/09/06 13:15:33.276, 262.18, 28269, 57, 100, 60
0, 2023/09/06 13:15:33.340, 262.18, 28269, 57, 100, 58
0, 2023/09/06 13:15:33.400, 228.10, 28269, 57, 100, 59
0, 2023/09/06 13:15:33.455, 228.10, 28269, 59, 94, 59
0, 2023/09/06 13:15:33.515, 196.95, 28269, 59, 94, 59
0, 2023/09/06 13:15:33.575, 196.95, 28269, 59, 94, 59
0, 2023/09/06 13:15:33.640, 270.82, 28269, 59, 94, 59
0, 2023/09/06 13:15:33.717, 253.42, 28269, 69, 100, 59
0, 2023/09/06 13:15:33.797, 221.94, 28269, 69, 100, 59
0, 2023/09/06 13:15:33.851, 221.94, 28271, 73, 100, 59
0, 2023/09/06 13:15:33.906, 271.23, 28271, 73, 100, 59
0, 2023/09/06 13:15:33.962, 271.23, 28273, 73, 100, 59
0, 2023/09/06 13:15:34.024, 217.32, 28275, 73, 100, 59
0, 2023/09/06 13:15:34.082, 217.32, 28275, 75, 100, 59
0, 2023/09/06 13:15:34.148, 182.40, 28277, 75, 100, 59
0, 2023/09/06 13:15:34.204, 293.59, 28279, 75, 100, 60
0, 2023/09/06 13:15:34.263, 293.59, 28279, 51, 100, 60
0, 2023/09/06 13:15:34.318, 249.56, 28279, 51, 100, 60
0, 2023/09/06 13:15:34.372, 249.56, 28279, 51, 100, 60
0, 2023/09/06 13:15:34.427, 286.48, 28279, 51, 100, 60
0, 2023/09/06 13:15:34.487, 286.48, 28279, 66, 100, 60
0, 2023/09/06 13:15:34.548, 242.62, 28279, 66, 100, 59
0, 2023/09/06 13:15:34.606, 251.42, 28279, 66, 100, 59
0, 2023/09/06 13:15:34.664, 251.42, 28279, 78, 100, 59
0, 2023/09/06 13:15:34.719, 250.46, 28279, 78, 100, 60
0, 2023/09/06 13:15:34.774, 250.46, 28279, 78, 100, 60
0, 2023/09/06 13:15:34.833, 235.45, 28279, 78, 100, 59
0, 2023/09/06 13:15:34.890, 235.45, 28279, 80, 100, 59
0, 2023/09/06 13:15:34.946, 249.67, 28283, 80, 100, 59
0, 2023/09/06 13:15:35.000, 252.83, 28283, 80, 100, 60
0, 2023/09/06 13:15:35.059, 252.83, 28283, 64, 100, 59
0, 2023/09/06 13:15:35.116, 233.43, 28283, 64, 100, 60
0, 2023/09/06 13:15:35.176, 233.43, 28283, 64, 100, 60
0, 2023/09/06 13:15:35.236, 185.40, 28283, 64, 100, 60
0, 2023/09/06 13:15:35.297, 185.40, 28283, 54, 100, 61
0, 2023/09/06 13:15:35.351, 208.17, 28283, 54, 100, 60
0, 2023/09/06 13:15:35.406, 273.66, 28283, 54, 100, 60
0, 2023/09/06 13:15:35.467, 273.66, 28283, 67, 100, 59
0, 2023/09/06 13:15:35.524, 281.44, 28283, 67, 100, 59
0, 2023/09/06 13:15:35.583, 281.44, 28283, 67, 100, 60
0, 2023/09/06 13:15:35.644, 161.40, 28283, 67, 100, 59
0, 2023/09/06 13:15:35.704, 161.40, 28283, 75, 100, 60
0, 2023/09/06 13:15:35.776, 280.87, 28285, 75, 100, 59
0, 2023/09/06 13:15:35.831, 259.12, 28285, 75, 100, 59
0, 2023/09/06 13:15:35.888, 259.12, 28285, 77, 100, 60
0, 2023/09/06 13:15:35.949, 163.32, 28285, 77, 100, 59
0, 2023/09/06 13:15:36.009, 163.32, 28285, 77, 100, 60
0, 2023/09/06 13:15:36.070, 287.57, 28287, 77, 100, 60
0, 2023/09/06 13:15:36.125, 231.13, 28289, 67, 100, 59
0, 2023/09/06 13:15:36.179, 231.13, 28289, 67, 100, 60
0, 2023/09/06 13:15:36.234, 271.33, 28289, 67, 100, 61
0, 2023/09/06 13:15:36.294, 271.33, 28289, 54, 100, 61
0, 2023/09/06 13:15:36.352, 212.08, 28289, 54, 100, 61
0, 2023/09/06 13:15:36.411, 212.08, 28289, 54, 100, 61
0, 2023/09/06 13:15:36.466, 271.12, 28289, 54, 100, 60
0, 2023/09/06 13:15:36.521, 271.12, 28289, 70, 100, 60
0, 2023/09/06 13:15:36.580, 242.42, 28289, 70, 100, 60
0, 2023/09/06 13:15:36.640, 227.14, 28289, 70, 100, 60
0, 2023/09/06 13:15:36.698, 227.14, 28289, 74, 100, 60
0, 2023/09/06 13:15:36.755, 274.61, 28289, 74, 100, 60
0, 2023/09/06 13:15:36.822, 274.61, 28289, 74, 100, 60
0, 2023/09/06 13:15:36.883, 211.01, 28289, 74, 100, 60
0, 2023/09/06 13:15:36.944, 241.36, 28293, 74, 100, 60
0, 2023/09/06 13:15:37.004, 241.36, 28293, 74, 100, 61
0, 2023/09/06 13:15:37.059, 252.21, 28293, 74, 100, 60
0, 2023/09/06 13:15:37.113, 252.21, 28293, 63, 100, 59
0, 2023/09/06 13:15:37.168, 160.56, 28293, 63, 100, 60
0, 2023/09/06 13:15:37.228, 160.56, 28293, 63, 100, 61
0, 2023/09/06 13:15:37.301, 239.27, 28293, 52, 100, 60
0, 2023/09/06 13:15:37.356, 307.66, 28293, 52, 100, 61
0, 2023/09/06 13:15:37.433, 307.66, 28293, 52, 100, 60
0, 2023/09/06 13:15:37.494, 252.59, 28293, 52, 100, 60
0, 2023/09/06 13:15:37.556, 232.80, 28293, 78, 100, 60
0, 2023/09/06 13:15:37.627, 232.80, 28293, 78, 100, 60
0, 2023/09/06 13:15:37.683, 288.06, 28293, 78, 100, 60
0, 2023/09/06 13:15:37.738, 288.06, 28293, 74, 100, 60
0, 2023/09/06 13:15:37.799, 229.60, 28293, 74, 100, 60
0, 2023/09/06 13:15:37.871, 242.99, 28293, 74, 100, 60
0, 2023/09/06 13:15:37.933, 242.99, 28293, 71, 100, 60
0, 2023/09/06 13:15:37.988, 269.99, 28293, 71, 100, 60
0, 2023/09/06 13:15:38.043, 269.99, 28293, 71, 100, 60
0, 2023/09/06 13:15:38.106, 240.25, 28293, 64, 100, 61
0, 2023/09/06 13:15:38.166, 217.15, 28293, 64, 100, 61
0, 2023/09/06 13:15:38.230, 217.15, 28293, 64, 100, 61
0, 2023/09/06 13:15:38.285, 311.04, 28293, 64, 100, 61
0, 2023/09/06 13:15:38.346, 311.04, 28293, 62, 100, 61
0, 2023/09/06 13:15:38.409, 251.13, 28293, 62, 100, 60
0, 2023/09/06 13:15:38.474, 246.93, 28293, 62, 100, 60
0, 2023/09/06 13:15:38.531, 246.93, 28293, 77, 100, 60
0, 2023/09/06 13:15:38.587, 263.06, 28293, 77, 100, 61
0, 2023/09/06 13:15:38.642, 263.06, 28293, 77, 100, 60
0, 2023/09/06 13:15:38.697, 245.02, 28293, 77, 100, 60
0, 2023/09/06 13:15:38.761, 210.34, 28293, 78, 100, 60
0, 2023/09/06 13:15:38.826, 210.34, 28293, 78, 100, 60
0, 2023/09/06 13:15:38.880, 289.03, 28293, 78, 100, 61
0, 2023/09/06 13:15:38.937, 289.03, 28293, 66, 100, 60
0, 2023/09/06 13:15:38.996, 247.88, 28293, 66, 100, 61
0, 2023/09/06 13:15:39.057, 247.88, 28293, 66, 100, 61
0, 2023/09/06 13:15:39.118, 214.18, 28293, 66, 100, 61
0, 2023/09/06 13:15:39.179, 183.74, 28293, 60, 100, 61
0, 2023/09/06 13:15:39.237, 183.74, 28293, 60, 100, 62
0, 2023/09/06 13:15:39.303, 275.03, 28293, 60, 100, 61
0, 2023/09/06 13:15:39.362, 275.03, 28295, 66, 100, 61
0, 2023/09/06 13:15:39.423, 234.80, 28295, 66, 100, 61
0, 2023/09/06 13:15:39.484, 254.58, 28295, 66, 100, 60
0, 2023/09/06 13:15:39.545, 254.58, 28295, 77, 100, 61
0, 2023/09/06 13:15:39.602, 273.09, 28295, 77, 100, 61
0, 2023/09/06 13:15:39.657, 273.09, 28297, 77, 100, 60
0, 2023/09/06 13:15:39.712, 249.08, 28299, 77, 100, 61
0, 2023/09/06 13:15:39.777, 211.53, 28299, 79, 100, 61
0, 2023/09/06 13:15:39.840, 211.53, 28299, 79, 100, 60
0, 2023/09/06 13:15:39.895, 256.43, 28299, 79, 100, 61
0, 2023/09/06 13:15:39.949, 256.43, 28299, 67, 100, 61
0, 2023/09/06 13:15:40.004, 236.25, 28299, 67, 100, 61
0, 2023/09/06 13:15:40.058, 236.25, 28299, 67, 100, 61
0, 2023/09/06 13:15:40.115, 224.65, 28299, 67, 100, 61
0, 2023/09/06 13:15:40.178, 289.67, 28299, 49, 100, 62
0, 2023/09/06 13:15:40.240, 289.67, 28299, 49, 100, 61
0, 2023/09/06 13:15:40.299, 272.69, 28301, 49, 100, 61
0, 2023/09/06 13:15:40.368, 272.69, 28301, 72, 100, 61
0, 2023/09/06 13:15:40.423, 255.25, 28301, 72, 100, 61
0, 2023/09/06 13:15:40.478, 255.25, 28301, 72, 100, 61
0, 2023/09/06 13:15:40.533, 223.40, 28305, 72, 100, 61
0, 2023/09/06 13:15:40.588, 257.09, 28307, 72, 100, 61
0, 2023/09/06 13:15:40.644, 257.09, 28307, 72, 100, 60
0, 2023/09/06 13:15:40.703, 297.86, 28309, 72, 100, 61
0, 2023/09/06 13:15:40.763, 297.86, 28309, 71, 100, 61
0, 2023/09/06 13:15:40.828, 118.49, 28309, 71, 100, 60
0, 2023/09/06 13:15:40.892, 257.99, 28309, 71, 100, 62
0, 2023/09/06 13:15:40.953, 257.99, 28311, 58, 99, 61
0, 2023/09/06 13:15:41.014, 266.95, 28311, 58, 99, 61
0, 2023/09/06 13:15:41.069, 266.95, 28311, 58, 99, 62
0, 2023/09/06 13:15:41.131, 260.21, 28311, 58, 99, 61
0, 2023/09/06 13:15:41.194, 260.21, 28311, 73, 100, 61
0, 2023/09/06 13:15:41.253, 238.82, 28313, 73, 100, 61
0, 2023/09/06 13:15:41.322, 243.51, 28315, 73, 100, 61
0, 2023/09/06 13:15:41.382, 243.51, 28317, 76, 100, 61
0, 2023/09/06 13:15:41.441, 272.70, 28319, 76, 100, 61
0, 2023/09/06 13:15:41.497, 272.70, 28319, 76, 100, 61
0, 2023/09/06 13:15:41.558, 200.93, 28321, 77, 100, 61
0, 2023/09/06 13:15:41.615, 260.11, 28321, 77, 100, 61
0, 2023/09/06 13:15:41.675, 260.11, 28323, 77, 100, 61
0, 2023/09/06 13:15:41.729, 268.52, 28325, 77, 100, 61
0, 2023/09/06 13:15:41.784, 268.52, 28325, 65, 100, 61
0, 2023/09/06 13:15:41.842, 249.08, 28325, 65, 100, 61
0, 2023/09/06 13:15:41.902, 249.08, 28325, 65, 100, 61
0, 2023/09/06 13:15:41.963, 219.90, 28327, 65, 100, 61
0, 2023/09/06 13:15:42.025, 269.66, 28327, 69, 100, 61
0, 2023/09/06 13:15:42.085, 269.66, 28327, 69, 100, 61
0, 2023/09/06 13:15:42.150, 217.33, 28329, 69, 100, 61
0, 2023/09/06 13:15:42.212, 206.01, 28331, 65, 100, 62
0, 2023/09/06 13:15:42.274, 206.01, 28333, 65, 100, 62
0, 2023/09/06 13:15:42.331, 271.32, 28335, 65, 100, 62
0, 2023/09/06 13:15:42.392, 271.32, 28335, 70, 100, 61
0, 2023/09/06 13:15:42.452, 246.93, 28335, 70, 100, 61
0, 2023/09/06 13:15:42.512, 246.93, 28335, 70, 100, 61
0, 2023/09/06 13:15:42.574, 260.12, 28339, 70, 100, 61
0, 2023/09/06 13:15:42.636, 254.44, 28339, 79, 100, 61
0, 2023/09/06 13:15:42.696, 254.44, 28339, 79, 100, 61
0, 2023/09/06 13:15:42.756, 266.36, 28339, 79, 100, 61
0, 2023/09/06 13:15:42.820, 213.59, 28339, 78, 100, 61
0, 2023/09/06 13:15:42.887, 213.59, 28339, 78, 100, 61
0, 2023/09/06 13:15:42.941, 255.83, 28341, 78, 100, 61
0, 2023/09/06 13:15:42.998, 255.83, 28341, 65, 100, 61
0, 2023/09/06 13:15:43.053, 200.09, 28341, 65, 100, 61
0, 2023/09/06 13:15:43.107, 200.09, 28343, 65, 100, 62
0, 2023/09/06 13:15:43.164, 244.08, 28347, 65, 100, 62
0, 2023/09/06 13:15:43.224, 244.08, 28349, 52, 100, 63
0, 2023/09/06 13:15:43.293, 315.34, 28349, 52, 100, 63
0, 2023/09/06 13:15:43.348, 249.56, 28349, 52, 100, 62
0, 2023/09/06 13:15:43.413, 249.56, 28349, 78, 100, 61
0, 2023/09/06 13:15:43.469, 234.51, 28349, 78, 100, 62
0, 2023/09/06 13:15:43.536, 234.59, 28349, 78, 100, 62
0, 2023/09/06 13:15:43.598, 234.59, 28349, 68, 100, 62
0, 2023/09/06 13:15:43.653, 271.34, 28349, 68, 100, 61
0, 2023/09/06 13:15:43.712, 271.34, 28349, 68, 100, 62
0, 2023/09/06 13:15:43.768, 227.64, 28349, 68, 100, 62
0, 2023/09/06 13:15:43.823, 227.64, 28349, 67, 100, 62
0, 2023/09/06 13:15:43.878, 297.92, 28349, 67, 100, 62
0, 2023/09/06 13:15:43.935, 297.92, 28349, 67, 100, 62
0, 2023/09/06 13:15:43.995, 233.18, 28351, 67, 100, 62
0, 2023/09/06 13:15:44.056, 245.78, 28353, 60, 100, 62
0, 2023/09/06 13:15:44.113, 245.78, 28353, 60, 100, 61
0, 2023/09/06 13:15:44.168, 251.52, 28353, 60, 100, 61
0, 2023/09/06 13:15:44.223, 251.52, 28353, 78, 100, 61
0, 2023/09/06 13:15:44.278, 253.77, 28353, 78, 100, 62
0, 2023/09/06 13:15:44.339, 253.77, 28353, 78, 100, 61
0, 2023/09/06 13:15:44.399, 239.51, 28353, 78, 100, 61
0, 2023/09/06 13:15:44.454, 219.38, 28353, 79, 100, 61
0, 2023/09/06 13:15:44.516, 219.38, 28353, 79, 100, 61
0, 2023/09/06 13:15:44.572, 249.35, 28353, 79, 100, 62
0, 2023/09/06 13:15:44.626, 249.35, 28353, 56, 97, 61
0, 2023/09/06 13:15:44.690, 228.61, 28353, 56, 97, 62
0, 2023/09/06 13:15:44.748, 239.68, 28353, 56, 97, 62
0, 2023/09/06 13:15:44.811, 239.68, 28353, 51, 100, 63
0, 2023/09/06 13:15:44.867, 288.24, 28353, 51, 100, 63
0, 2023/09/06 13:15:44.927, 288.24, 28353, 51, 100, 62
0, 2023/09/06 13:15:44.986, 274.63, 28353, 51, 100, 62
0, 2023/09/06 13:15:45.043, 274.63, 28353, 73, 100, 62
0, 2023/09/06 13:15:45.098, 194.90, 28353, 73, 100, 61
0, 2023/09/06 13:15:45.153, 278.72, 28353, 73, 100, 62
0, 2023/09/06 13:15:45.217, 278.72, 28353, 73, 100, 62
0, 2023/09/06 13:15:45.274, 241.92, 28353, 73, 100, 61
0, 2023/09/06 13:15:45.350, 241.92, 28353, 73, 100, 62
0, 2023/09/06 13:15:45.405, 204.04, 28353, 73, 100, 62
0, 2023/09/06 13:15:45.460, 256.30, 28353, 74, 100, 62
0, 2023/09/06 13:15:45.518, 256.30, 28353, 74, 100, 61
0, 2023/09/06 13:15:45.578, 324.45, 28353, 74, 100, 61
0, 2023/09/06 13:15:45.649, 324.45, 28353, 58, 95, 62
0, 2023/09/06 13:15:45.703, 100.38, 28353, 58, 95, 61
0, 2023/09/06 13:15:45.761, 100.38, 28353, 58, 95, 62
0, 2023/09/06 13:15:45.821, 211.68, 28353, 58, 95, 62
0, 2023/09/06 13:15:45.875, 314.39, 28353, 46, 92, 63
0, 2023/09/06 13:15:45.933, 314.39, 28353, 46, 92, 62
0, 2023/09/06 13:15:45.990, 266.16, 28353, 46, 92, 62
0, 2023/09/06 13:15:46.046, 266.16, 28353, 74, 100, 62
0, 2023/09/06 13:15:46.104, 169.18, 28353, 74, 100, 61
0, 2023/09/06 13:15:46.161, 169.18, 28353, 74, 100, 62
0, 2023/09/06 13:15:46.222, 305.73, 28353, 74, 100, 62
0, 2023/09/06 13:15:46.277, 249.18, 28353, 65, 99, 61
0, 2023/09/06 13:15:46.336, 249.18, 28353, 65, 99, 62
0, 2023/09/06 13:15:46.392, 240.22, 28353, 65, 99, 61
0, 2023/09/06 13:15:46.458, 240.22, 28353, 69, 100, 62
0, 2023/09/06 13:15:46.513, 292.03, 28353, 69, 100, 62
0, 2023/09/06 13:15:46.573, 292.03, 28353, 69, 100, 61
0, 2023/09/06 13:15:46.634, 239.88, 28353, 60, 100, 63
0, 2023/09/06 13:15:46.714, 207.62, 28353, 60, 100, 62
0, 2023/09/06 13:15:46.775, 207.62, 28353, 60, 100, 63
0, 2023/09/06 13:15:46.852, 120.00, 28353, 54, 95, 62
0, 2023/09/06 13:15:46.907, 296.07, 28353, 54, 95, 62
0, 2023/09/06 13:15:46.962, 296.07, 28353, 54, 95, 61
0, 2023/09/06 13:15:47.022, 256.71, 28355, 54, 95, 62
0, 2023/09/06 13:15:47.081, 256.71, 28355, 75, 100, 62
0, 2023/09/06 13:15:47.143, 205.90, 28355, 75, 100, 61
0, 2023/09/06 13:15:47.203, 269.10, 28355, 75, 100, 62
0, 2023/09/06 13:15:47.261, 269.10, 28355, 63, 100, 61
0, 2023/09/06 13:15:47.315, 255.42, 28355, 63, 100, 62
0, 2023/09/06 13:15:47.371, 255.42, 28355, 63, 100, 63
0, 2023/09/06 13:15:47.426, 237.20, 28357, 63, 100, 62
0, 2023/09/06 13:15:47.487, 237.20, 28357, 57, 100, 63
0, 2023/09/06 13:15:47.545, 166.09, 28359, 57, 100, 62
0, 2023/09/06 13:15:47.600, 260.51, 28359, 57, 100, 62
0, 2023/09/06 13:15:47.655, 260.51, 28359, 65, 100, 62
0, 2023/09/06 13:15:47.711, 255.83, 28359, 65, 100, 62
0, 2023/09/06 13:15:47.771, 255.83, 28359, 65, 100, 62
0, 2023/09/06 13:15:47.832, 211.73, 28359, 65, 100, 62
0, 2023/09/06 13:15:47.893, 211.73, 28359, 70, 100, 62
0, 2023/09/06 13:15:47.965, 258.82, 28359, 70, 100, 62
0, 2023/09/06 13:15:48.028, 238.99, 28359, 70, 100, 62
0, 2023/09/06 13:15:48.082, 238.99, 28359, 64, 100, 63
0, 2023/09/06 13:15:48.137, 210.39, 28359, 64, 100, 62
0, 2023/09/06 13:15:48.198, 210.39, 28361, 64, 100, 62
0, 2023/09/06 13:15:48.260, 289.72, 28361, 63, 100, 63
0, 2023/09/06 13:15:48.320, 258.36, 28361, 63, 100, 62
0, 2023/09/06 13:15:48.384, 258.36, 28363, 63, 100, 62
0, 2023/09/06 13:15:48.445, 233.88, 28363, 63, 100, 62
0, 2023/09/06 13:15:48.507, 258.28, 28363, 74, 100, 62
0, 2023/09/06 13:15:48.569, 258.28, 28363, 74, 100, 63
0, 2023/09/06 13:15:48.626, 216.67, 28363, 74, 100, 62
0, 2023/09/06 13:15:48.686, 216.67, 28363, 63, 100, 63
0, 2023/09/06 13:15:48.753, 270.17, 28363, 63, 100, 63
0, 2023/09/06 13:15:48.808, 270.17, 28363, 63, 100, 63
0, 2023/09/06 13:15:48.878, 225.44, 28363, 67, 100, 63
0, 2023/09/06 13:15:48.939, 275.12, 28363, 67, 100, 63
0, 2023/09/06 13:15:48.994, 275.12, 28363, 67, 100, 62
0, 2023/09/06 13:15:49.050, 242.62, 28365, 67, 100, 62
0, 2023/09/06 13:15:49.108, 242.62, 28365, 75, 100, 62
0, 2023/09/06 13:15:49.163, 220.26, 28365, 75, 100, 62
0, 2023/09/06 13:15:49.218, 229.76, 28365, 75, 100, 62
0, 2023/09/06 13:15:49.283, 229.76, 28365, 67, 100, 62
0, 2023/09/06 13:15:49.341, 264.90, 28367, 67, 100, 62
0, 2023/09/06 13:15:49.398, 264.90, 28367, 67, 100, 63
0, 2023/09/06 13:15:49.455, 192.20, 28367, 67, 100, 62
0, 2023/09/06 13:15:49.512, 192.20, 28369, 60, 100, 63
0, 2023/09/06 13:15:49.571, 302.97, 28371, 60, 100, 63
0, 2023/09/06 13:15:49.632, 258.95, 28371, 60, 100, 62
0, 2023/09/06 13:15:49.688, 258.95, 28371, 78, 100, 62
0, 2023/09/06 13:15:49.744, 188.34, 28371, 78, 100, 62
0, 2023/09/06 13:15:49.803, 188.34, 28371, 78, 100, 62
0, 2023/09/06 13:15:49.864, 313.36, 28373, 78, 100, 63
0, 2023/09/06 13:15:49.927, 146.53, 28373, 67, 100, 62
0, 2023/09/06 13:15:49.992, 146.53, 28375, 67, 100, 63
0, 2023/09/06 13:15:50.048, 267.35, 28375, 67, 100, 63
0, 2023/09/06 13:15:50.111, 267.35, 28375, 60, 100, 61
0, 2023/09/06 13:15:50.169, 222.08, 28377, 60, 100, 63
0, 2023/09/06 13:15:50.230, 222.08, 28377, 60, 100, 63
0, 2023/09/06 13:15:50.290, 236.75, 28379, 71, 100, 62
0, 2023/09/06 13:15:50.349, 269.00, 28379, 71, 100, 62
0, 2023/09/06 13:15:50.404, 269.00, 28379, 71, 100, 62
0, 2023/09/06 13:15:50.459, 239.18, 28379, 71, 100, 62
0, 2023/09/06 13:15:50.515, 239.18, 28379, 74, 100, 63
0, 2023/09/06 13:15:50.572, 188.04, 28379, 74, 100, 62
0, 2023/09/06 13:15:50.634, 188.04, 28381, 74, 100, 62
0, 2023/09/06 13:15:50.689, 329.73, 28381, 74, 100, 63
0, 2023/09/06 13:15:50.744, 186.67, 28381, 61, 100, 63
0, 2023/09/06 13:15:50.808, 186.67, 28381, 61, 100, 63
0, 2023/09/06 13:15:50.862, 285.47, 28383, 61, 100, 63
0, 2023/09/06 13:15:50.922, 285.47, 28383, 70, 100, 62
0, 2023/09/06 13:15:50.982, 227.27, 28383, 70, 100, 62
0, 2023/09/06 13:15:51.040, 227.27, 28383, 70, 100, 62
0, 2023/09/06 13:15:51.099, 238.56, 28383, 70, 100, 62
0, 2023/09/06 13:15:51.154, 272.51, 28383, 70, 100, 63
0, 2023/09/06 13:15:51.213, 272.51, 28383, 70, 100, 63
0, 2023/09/06 13:15:51.268, 235.96, 28383, 70, 100, 63
0, 2023/09/06 13:15:51.327, 235.96, 28383, 70, 100, 63
0, 2023/09/06 13:15:51.387, 228.99, 28383, 70, 100, 63
0, 2023/09/06 13:15:51.446, 228.99, 28385, 70, 100, 63
0, 2023/09/06 13:15:51.501, 291.58, 28385, 70, 100, 63
0, 2023/09/06 13:15:51.556, 204.85, 28385, 66, 100, 63
0, 2023/09/06 13:15:51.621, 204.85, 28385, 66, 100, 63
0, 2023/09/06 13:15:51.682, 273.37, 28387, 66, 100, 63
0, 2023/09/06 13:15:51.737, 273.37, 28387, 73, 100, 62
0, 2023/09/06 13:15:51.799, 230.10, 28387, 73, 100, 63
0, 2023/09/06 13:15:51.881, 251.33, 28387, 73, 100, 63
0, 2023/09/06 13:15:51.939, 251.33, 28389, 71, 100, 63
0, 2023/09/06 13:15:51.998, 241.85, 28389, 71, 100, 63
0, 2023/09/06 13:15:52.058, 260.69, 28389, 71, 100, 63
0, 2023/09/06 13:15:52.125, 260.69, 28389, 74, 100, 63
0, 2023/09/06 13:15:52.187, 203.58, 28389, 74, 100, 63
0, 2023/09/06 13:15:52.258, 203.58, 28389, 74, 100, 63
0, 2023/09/06 13:15:52.313, 249.97, 28389, 74, 100, 63
0, 2023/09/06 13:15:52.367, 272.52, 28389, 66, 100, 63
0, 2023/09/06 13:15:52.436, 272.52, 28389, 66, 100, 63
0, 2023/09/06 13:15:52.491, 286.10, 28391, 66, 100, 63
0, 2023/09/06 13:15:52.546, 286.10, 28391, 73, 100, 63
0, 2023/09/06 13:15:52.613, 207.53, 28391, 73, 100, 62
0, 2023/09/06 13:15:52.668, 229.62, 28391, 73, 100, 63
0, 2023/09/06 13:15:52.734, 229.62, 28393, 63, 100, 62
0, 2023/09/06 13:15:52.790, 297.66, 28393, 63, 100, 64
0, 2023/09/06 13:15:52.852, 297.66, 28393, 63, 100, 63
0, 2023/09/06 13:15:52.912, 271.32, 28393, 63, 100, 63
0, 2023/09/06 13:15:52.974, 183.50, 28393, 71, 100, 63
0, 2023/09/06 13:15:53.045, 183.50, 28393, 71, 100, 63
0, 2023/09/06 13:15:53.103, 223.84, 28393, 71, 100, 63
0, 2023/09/06 13:15:53.158, 223.84, 28395, 64, 100, 63
0, 2023/09/06 13:15:53.218, 274.15, 28395, 64, 100, 64
0, 2023/09/06 13:15:53.285, 287.95, 28395, 64, 100, 63
0, 2023/09/06 13:15:53.351, 287.95, 28395, 71, 100, 63
0, 2023/09/06 13:15:53.405, 227.03, 28397, 71, 100, 63
0, 2023/09/06 13:15:53.462, 227.03, 28397, 71, 100, 63
0, 2023/09/06 13:15:53.528, 222.65, 28397, 71, 100, 62
0, 2023/09/06 13:15:53.586, 268.22, 28397, 73, 100, 63
0, 2023/09/06 13:15:53.673, 268.22, 28399, 73, 100, 62
0, 2023/09/06 13:15:53.728, 296.42, 28399, 73, 100, 64
0, 2023/09/06 13:15:53.789, 186.93, 28399, 65, 100, 63
0, 2023/09/06 13:15:53.866, 186.93, 28399, 65, 100, 63
0, 2023/09/06 13:15:53.921, 273.76, 28399, 65, 100, 63
0, 2023/09/06 13:15:53.976, 273.76, 28399, 67, 100, 63
0, 2023/09/06 13:15:54.032, 215.43, 28399, 67, 100, 63
0, 2023/09/06 13:15:54.092, 262.93, 28399, 67, 100, 64
0, 2023/09/06 13:15:54.163, 262.93, 28401, 68, 100, 63
0, 2023/09/06 13:15:54.218, 260.13, 28401, 68, 100, 63
0, 2023/09/06 13:15:54.276, 260.13, 28401, 68, 100, 63
0, 2023/09/06 13:15:54.354, 178.12, 28401, 63, 100, 63
0, 2023/09/06 13:15:54.409, 268.00, 28401, 63, 100, 64
0, 2023/09/06 13:15:54.471, 268.00, 28403, 63, 100, 63
0, 2023/09/06 13:15:54.532, 250.76, 28403, 63, 100, 63
0, 2023/09/06 13:15:54.586, 250.76, 28403, 70, 100, 63
0, 2023/09/06 13:15:54.642, 242.14, 28403, 70, 100, 63
0, 2023/09/06 13:15:54.702, 295.07, 28403, 70, 100, 63
0, 2023/09/06 13:15:54.772, 295.07, 28403, 62, 100, 64
0, 2023/09/06 13:15:54.846, 231.86, 28403, 62, 100, 63
0, 2023/09/06 13:15:54.906, 251.24, 28403, 62, 100, 63
0, 2023/09/06 13:15:54.972, 251.24, 28403, 70, 100, 63
0, 2023/09/06 13:15:55.030, 260.42, 28403, 70, 100, 64
0, 2023/09/06 13:15:55.090, 260.42, 28403, 70, 100, 63
0, 2023/09/06 13:15:55.150, 242.12, 28403, 70, 100, 64
0, 2023/09/06 13:15:55.212, 251.42, 28403, 68, 100, 63
0, 2023/09/06 13:15:55.277, 251.42, 28403, 68, 100, 63
0, 2023/09/06 13:15:55.335, 202.16, 28403, 68, 100, 63
0, 2023/09/06 13:15:55.400, 202.16, 28403, 65, 100, 64
0, 2023/09/06 13:15:55.457, 296.79, 28403, 65, 100, 64
0, 2023/09/06 13:15:55.517, 247.23, 28403, 65, 100, 63
0, 2023/09/06 13:15:55.584, 247.23, 28403, 73, 100, 63
0, 2023/09/06 13:15:55.640, 191.31, 28403, 73, 100, 63
0, 2023/09/06 13:15:55.698, 191.31, 28403, 73, 100, 63
0, 2023/09/06 13:15:55.758, 244.26, 28403, 73, 100, 63
0, 2023/09/06 13:15:55.818, 244.26, 28403, 61, 100, 64
0, 2023/09/06 13:15:55.873, 298.23, 28403, 61, 100, 63
0, 2023/09/06 13:15:55.928, 207.95, 28403, 61, 100, 63
0, 2023/09/06 13:15:55.994, 207.95, 28403, 69, 100, 63
0, 2023/09/06 13:15:56.048, 227.75, 28403, 69, 100, 64
0, 2023/09/06 13:15:56.108, 227.75, 28403, 69, 100, 64
0, 2023/09/06 13:15:56.169, 284.16, 28403, 69, 100, 64
0, 2023/09/06 13:15:56.230, 208.37, 28403, 69, 100, 63
0, 2023/09/06 13:15:56.297, 208.37, 28403, 69, 100, 64
0, 2023/09/06 13:15:56.359, 242.74, 28403, 69, 100, 64
0, 2023/09/06 13:15:56.414, 242.74, 28403, 64, 100, 64
0, 2023/09/06 13:15:56.473, 204.69, 28403, 64, 100, 63
0, 2023/09/06 13:15:56.534, 293.58, 28403, 64, 100, 64
0, 2023/09/06 13:15:56.603, 293.58, 28403, 70, 100, 63
0, 2023/09/06 13:15:56.658, 191.10, 28403, 70, 100, 63
0, 2023/09/06 13:15:56.718, 191.10, 28403, 70, 100, 64
0, 2023/09/06 13:15:56.781, 286.20, 28403, 70, 100, 64
0, 2023/09/06 13:15:56.841, 236.26, 28403, 66, 100, 64
0, 2023/09/06 13:15:56.911, 236.26, 28403, 66, 100, 63
0, 2023/09/06 13:15:56.965, 274.75, 28403, 66, 100, 64
0, 2023/09/06 13:15:57.021, 274.75, 28405, 54, 100, 63
0, 2023/09/06 13:15:57.076, 311.23, 28405, 54, 100, 64
0, 2023/09/06 13:15:57.130, 311.23, 28405, 54, 100, 63
0, 2023/09/06 13:15:57.185, 138.59, 28405, 54, 100, 63
0, 2023/09/06 13:15:57.246, 276.57, 28405, 66, 99, 64
0, 2023/09/06 13:15:57.314, 276.57, 28407, 66, 99, 63
0, 2023/09/06 13:15:57.370, 251.54, 28407, 66, 99, 64
0, 2023/09/06 13:15:57.438, 251.54, 28407, 63, 100, 63
0, 2023/09/06 13:15:57.493, 227.54, 28409, 63, 100, 64
0, 2023/09/06 13:15:57.551, 224.77, 28409, 63, 100, 64
0, 2023/09/06 13:15:57.613, 224.77, 28409, 61, 100, 63
0, 2023/09/06 13:15:57.673, 279.41, 28409, 61, 100, 64
0, 2023/09/06 13:15:57.733, 279.41, 28409, 61, 100, 64
0, 2023/09/06 13:15:57.792, 289.99, 28409, 61, 100, 64
0, 2023/09/06 13:15:57.854, 208.56, 28409, 65, 100, 63
0, 2023/09/06 13:15:57.923, 208.56, 28409, 65, 100, 64
0, 2023/09/06 13:15:57.981, 240.35, 28409, 65, 100, 63
0, 2023/09/06 13:15:58.039, 240.35, 28411, 72, 100, 63
0, 2023/09/06 13:15:58.097, 271.51, 28411, 72, 100, 64
0, 2023/09/06 13:15:58.152, 271.51, 28411, 72, 100, 64
0, 2023/09/06 13:15:58.207, 276.39, 28411, 72, 100, 64
0, 2023/09/06 13:15:58.264, 216.26, 28411, 72, 100, 64
0, 2023/09/06 13:15:58.330, 216.26, 28411, 72, 100, 63
0, 2023/09/06 13:15:58.386, 270.85, 28411, 72, 100, 64
0, 2023/09/06 13:15:58.443, 270.85, 28413, 68, 100, 64
0, 2023/09/06 13:15:58.503, 237.63, 28415, 68, 100, 64
0, 2023/09/06 13:15:58.558, 237.63, 28415, 68, 100, 64
0, 2023/09/06 13:15:58.615, 255.80, 28415, 68, 100, 63
0, 2023/09/06 13:15:58.671, 297.32, 28417, 66, 100, 64
0, 2023/09/06 13:15:58.737, 297.32, 28417, 66, 100, 64
0, 2023/09/06 13:15:58.798, 170.01, 28417, 66, 100, 63
0, 2023/09/06 13:15:58.854, 170.01, 28417, 69, 100, 65
0, 2023/09/06 13:15:58.917, 231.38, 28419, 69, 100, 64
0, 2023/09/06 13:15:58.975, 288.34, 28419, 69, 100, 64
0, 2023/09/06 13:15:59.047, 288.34, 28419, 65, 100, 64
0, 2023/09/06 13:15:59.101, 226.63, 28419, 65, 100, 64
0, 2023/09/06 13:15:59.158, 226.63, 28419, 65, 100, 64
0, 2023/09/06 13:15:59.220, 262.57, 28419, 65, 100, 64
0, 2023/09/06 13:15:59.281, 296.82, 28419, 62, 100, 64
0, 2023/09/06 13:15:59.348, 296.82, 28419, 62, 100, 64
0, 2023/09/06 13:15:59.404, 177.44, 28421, 62, 100, 63
0, 2023/09/06 13:15:59.465, 177.44, 28421, 76, 100, 64
0, 2023/09/06 13:15:59.542, 272.99, 28421, 76, 100, 63
0, 2023/09/06 13:15:59.605, 274.59, 28421, 76, 100, 63
0, 2023/09/06 13:15:59.666, 274.59, 28421, 71, 100, 64
0, 2023/09/06 13:15:59.736, 171.43, 28421, 71, 100, 62
0, 2023/09/06 13:15:59.791, 283.30, 28421, 71, 100, 64
0, 2023/09/06 13:15:59.860, 283.30, 28421, 58, 99, 62
0, 2023/09/06 13:15:59.915, 291.48, 28421, 58, 99, 63
0, 2023/09/06 13:15:59.973, 291.48, 28421, 58, 99, 64
0, 2023/09/06 13:16:00.033, 194.47, 28423, 58, 99, 63
0, 2023/09/06 13:16:00.094, 288.45, 28423, 71, 100, 64
0, 2023/09/06 13:16:00.166, 288.45, 28423, 71, 100, 63
0, 2023/09/06 13:16:00.220, 222.25, 28423, 71, 100, 64
0, 2023/09/06 13:16:00.279, 222.25, 28423, 72, 100, 64
0, 2023/09/06 13:16:00.338, 219.48, 28423, 72, 100, 63
0, 2023/09/06 13:16:00.399, 243.57, 28423, 72, 100, 64
0, 2023/09/06 13:16:00.466, 243.57, 28423, 65, 100, 64
0, 2023/09/06 13:16:00.522, 285.14, 28423, 65, 100, 65
0, 2023/09/06 13:16:00.582, 285.14, 28423, 65, 100, 63
0, 2023/09/06 13:16:00.643, 234.71, 28423, 65, 100, 65
0, 2023/09/06 13:16:00.697, 234.71, 28423, 66, 100, 64
0, 2023/09/06 13:16:00.752, 241.34, 28423, 66, 100, 64
0, 2023/09/06 13:16:00.807, 256.10, 28423, 66, 100, 64
0, 2023/09/06 13:16:00.871, 256.10, 28423, 74, 100, 64
0, 2023/09/06 13:16:00.932, 254.36, 28423, 74, 100, 64
0, 2023/09/06 13:16:00.990, 254.36, 28423, 74, 100, 64
0, 2023/09/06 13:16:01.048, 260.31, 28423, 74, 100, 64
0, 2023/09/06 13:16:01.103, 260.31, 28423, 76, 100, 64
0, 2023/09/06 13:16:01.158, 254.77, 28423, 76, 100, 64
0, 2023/09/06 13:16:01.212, 224.96, 28423, 76, 100, 64
0, 2023/09/06 13:16:01.279, 224.96, 28423, 71, 100, 65
0, 2023/09/06 13:16:01.336, 247.50, 28423, 71, 100, 64
0, 2023/09/06 13:16:01.396, 247.50, 28423, 71, 100, 64
0, 2023/09/06 13:16:01.457, 270.66, 28423, 71, 100, 64
0, 2023/09/06 13:16:01.519, 250.37, 28423, 77, 100, 64
0, 2023/09/06 13:16:01.585, 250.37, 28423, 77, 100, 64
0, 2023/09/06 13:16:01.641, 206.50, 28423, 77, 100, 64
0, 2023/09/06 13:16:01.712, 206.50, 28423, 69, 100, 65
0, 2023/09/06 13:16:01.767, 223.51, 28423, 69, 100, 64
0, 2023/09/06 13:16:01.824, 267.62, 28423, 69, 100, 64
0, 2023/09/06 13:16:01.891, 267.62, 28423, 73, 100, 64
0, 2023/09/06 13:16:01.946, 241.05, 28423, 73, 100, 64
0, 2023/09/06 13:16:02.006, 241.05, 28423, 73, 100, 64
0, 2023/09/06 13:16:02.064, 245.47, 28423, 73, 100, 65
0, 2023/09/06 13:16:02.119, 245.47, 28423, 68, 100, 65
0, 2023/09/06 13:16:02.173, 258.77, 28423, 68, 100, 64
0, 2023/09/06 13:16:02.229, 247.83, 28423, 68, 100, 64
0, 2023/09/06 13:16:02.296, 247.83, 28423, 75, 100, 64
0, 2023/09/06 13:16:02.352, 275.72, 28423, 75, 100, 64
0, 2023/09/06 13:16:02.412, 275.72, 28423, 75, 100, 64
0, 2023/09/06 13:16:02.473, 196.94, 28423, 75, 100, 64
0, 2023/09/06 13:16:02.535, 241.44, 28423, 79, 100, 64
0, 2023/09/06 13:16:02.602, 241.44, 28423, 79, 100, 63
0, 2023/09/06 13:16:02.657, 298.18, 28423, 79, 100, 65
0, 2023/09/06 13:16:02.725, 298.18, 28423, 65, 100, 64
0, 2023/09/06 13:16:02.780, 200.22, 28423, 65, 100, 64
0, 2023/09/06 13:16:02.840, 246.35, 28423, 65, 100, 64
0, 2023/09/06 13:16:02.902, 246.35, 28423, 72, 100, 64
0, 2023/09/06 13:16:02.966, 253.75, 28423, 72, 100, 64
0, 2023/09/06 13:16:03.023, 253.75, 28423, 72, 100, 65
0, 2023/09/06 13:16:03.087, 234.50, 28423, 72, 100, 64
0, 2023/09/06 13:16:03.146, 237.66, 28423, 69, 100, 65
0, 2023/09/06 13:16:03.222, 237.66, 28423, 69, 100, 64
0, 2023/09/06 13:16:03.277, 263.35, 28423, 69, 100, 64
0, 2023/09/06 13:16:03.332, 263.35, 28423, 68, 100, 64
0, 2023/09/06 13:16:03.387, 257.58, 28423, 68, 100, 65
0, 2023/09/06 13:16:03.449, 208.17, 28423, 68, 100, 64
0, 2023/09/06 13:16:03.517, 208.17, 28423, 69, 100, 64
0, 2023/09/06 13:16:03.576, 275.62, 28423, 69, 100, 65
0, 2023/09/06 13:16:03.634, 275.62, 28423, 69, 100, 65
0, 2023/09/06 13:16:03.693, 233.30, 28423, 69, 100, 64
0, 2023/09/06 13:16:03.754, 263.43, 28423, 73, 100, 64
0, 2023/09/06 13:16:03.818, 263.43, 28423, 73, 100, 64
0, 2023/09/06 13:16:03.888, 235.26, 28423, 73, 100, 64
0, 2023/09/06 13:16:03.949, 235.26, 28423, 72, 100, 64
0, 2023/09/06 13:16:04.023, 246.04, 28423, 72, 100, 64
0, 2023/09/06 13:16:04.080, 262.37, 28423, 72, 100, 64
0, 2023/09/06 13:16:04.141, 262.37, 28423, 69, 100, 65
0, 2023/09/06 13:16:04.197, 243.43, 28423, 69, 100, 64
0, 2023/09/06 13:16:04.252, 243.43, 28423, 69, 100, 64
0, 2023/09/06 13:16:04.308, 281.35, 28423, 69, 100, 64
0, 2023/09/06 13:16:04.365, 179.01, 28423, 74, 100, 63
0, 2023/09/06 13:16:04.428, 179.01, 28423, 74, 100, 65
0, 2023/09/06 13:16:04.488, 215.04, 28423, 74, 100, 64
0, 2023/09/06 13:16:04.556, 215.04, 28423, 60, 100, 65
0, 2023/09/06 13:16:04.611, 280.85, 28423, 60, 100, 64
0, 2023/09/06 13:16:04.669, 266.86, 28423, 60, 100, 64
0, 2023/09/06 13:16:04.733, 266.86, 28423, 69, 100, 65
0, 2023/09/06 13:16:04.791, 215.74, 28423, 69, 100, 64
0, 2023/09/06 13:16:04.852, 215.74, 28423, 69, 100, 65
0, 2023/09/06 13:16:04.910, 222.90, 28423, 69, 100, 64
0, 2023/09/06 13:16:04.965, 222.90, 28423, 69, 100, 64
0, 2023/09/06 13:16:05.020, 275.03, 28423, 69, 100, 64
0, 2023/09/06 13:16:05.074, 230.67, 28423, 69, 100, 64
0, 2023/09/06 13:16:05.140, 230.67, 28423, 72, 100, 65
0, 2023/09/06 13:16:05.218, 258.94, 28423, 72, 100, 64
0, 2023/09/06 13:16:05.280, 264.20, 28423, 72, 100, 64
0, 2023/09/06 13:16:05.343, 264.20, 28423, 75, 100, 64
0, 2023/09/06 13:16:05.401, 215.65, 28423, 75, 100, 64
0, 2023/09/06 13:16:05.459, 215.65, 28423, 75, 100, 65
0, 2023/09/06 13:16:05.513, 203.84, 28423, 75, 100, 64
0, 2023/09/06 13:16:05.568, 203.84, 28423, 64, 100, 65
0, 2023/09/06 13:16:05.627, 291.14, 28423, 64, 100, 64
0, 2023/09/06 13:16:05.685, 226.47, 28423, 64, 100, 64
0, 2023/09/06 13:16:05.748, 226.47, 28423, 79, 100, 64
0, 2023/09/06 13:16:05.807, 202.67, 28423, 79, 100, 64
0, 2023/09/06 13:16:05.870, 202.67, 28423, 79, 100, 65
0, 2023/09/06 13:16:05.933, 276.08, 28423, 79, 100, 65
0, 2023/09/06 13:16:05.997, 300.29, 28423, 53, 100, 65
0, 2023/09/06 13:16:06.054, 300.29, 28423, 53, 100, 65
0, 2023/09/06 13:16:06.109, 186.79, 28425, 53, 100, 64
0, 2023/09/06 13:16:06.164, 186.79, 28425, 71, 100, 65
0, 2023/09/06 13:16:06.223, 248.21, 28425, 71, 100, 65
0, 2023/09/06 13:16:06.278, 248.21, 28425, 71, 100, 65
0, 2023/09/06 13:16:06.334, 285.33, 28425, 71, 100, 65
0, 2023/09/06 13:16:06.392, 179.86, 28427, 69, 100, 64
0, 2023/09/06 13:16:06.449, 179.86, 28427, 69, 100, 64
0, 2023/09/06 13:16:06.503, 264.30, 28427, 69, 100, 65
0, 2023/09/06 13:16:06.558, 264.30, 28427, 66, 100, 64
0, 2023/09/06 13:16:06.618, 273.07, 28427, 66, 100, 65
0, 2023/09/06 13:16:06.679, 273.07, 28429, 66, 100, 64
0, 2023/09/06 13:16:06.737, 197.04, 28429, 66, 100, 64
0, 2023/09/06 13:16:06.792, 197.04, 28429, 74, 100, 65
0, 2023/09/06 13:16:06.847, 254.05, 28429, 74, 100, 64
0, 2023/09/06 13:16:06.903, 235.21, 28429, 74, 100, 64
0, 2023/09/06 13:16:06.963, 235.21, 28429, 73, 100, 64
0, 2023/09/06 13:16:07.021, 230.32, 28429, 73, 100, 65
0, 2023/09/06 13:16:07.075, 230.32, 28429, 73, 100, 65
0, 2023/09/06 13:16:07.130, 264.80, 28429, 73, 100, 65
0, 2023/09/06 13:16:07.185, 264.80, 28429, 73, 100, 64
0, 2023/09/06 13:16:07.249, 244.09, 28431, 73, 100, 64
0, 2023/09/06 13:16:07.308, 186.89, 28431, 73, 100, 64
0, 2023/09/06 13:16:07.370, 186.89, 28431, 66, 100, 65
0, 2023/09/06 13:16:07.429, 283.68, 28431, 66, 100, 65
0, 2023/09/06 13:16:07.489, 283.68, 28431, 66, 100, 64
0, 2023/09/06 13:16:07.555, 268.29, 28431, 66, 100, 65
0, 2023/09/06 13:16:07.617, 253.29, 28433, 70, 100, 64
0, 2023/09/06 13:16:07.673, 253.29, 28433, 70, 100, 65
0, 2023/09/06 13:16:07.735, 215.26, 28433, 70, 100, 64
0, 2023/09/06 13:16:07.794, 215.26, 28433, 74, 100, 65
0, 2023/09/06 13:16:07.854, 294.85, 28433, 74, 100, 65
0, 2023/09/06 13:16:07.913, 225.77, 28433, 74, 100, 64
0, 2023/09/06 13:16:07.971, 225.77, 28433, 73, 100, 65
0, 2023/09/06 13:16:08.027, 238.33, 28433, 73, 100, 65
0, 2023/09/06 13:16:08.081, 238.33, 28433, 73, 100, 65
0, 2023/09/06 13:16:08.139, 250.26, 28433, 73, 100, 65
0, 2023/09/06 13:16:08.199, 250.26, 28433, 70, 100, 65
0, 2023/09/06 13:16:08.259, 261.31, 28433, 70, 100, 65
0, 2023/09/06 13:16:08.320, 215.96, 28433, 70, 100, 65
0, 2023/09/06 13:16:08.386, 215.96, 28433, 67, 100, 64
0, 2023/09/06 13:16:08.463, 234.40, 28433, 67, 100, 65
0, 2023/09/06 13:16:08.524, 254.06, 28433, 67, 100, 65
0, 2023/09/06 13:16:08.582, 254.06, 28433, 66, 100, 65
0, 2023/09/06 13:16:08.637, 264.11, 28433, 66, 100, 65
0, 2023/09/06 13:16:08.694, 264.11, 28433, 66, 100, 65
0, 2023/09/06 13:16:08.749, 224.98, 28433, 66, 100, 65
0, 2023/09/06 13:16:08.805, 224.98, 28433, 74, 100, 65
0, 2023/09/06 13:16:08.860, 269.09, 28433, 74, 100, 65
0, 2023/09/06 13:16:08.934, 216.02, 28433, 74, 100, 65
0, 2023/09/06 13:16:08.991, 216.02, 28433, 73, 100, 64
0, 2023/09/06 13:16:09.052, 283.50, 28433, 73, 100, 65
0, 2023/09/06 13:16:09.114, 283.50, 28433, 73, 100, 64
0, 2023/09/06 13:16:09.176, 263.75, 28433, 73, 100, 65
0, 2023/09/06 13:16:09.236, 200.98, 28433, 69, 100, 65
0, 2023/09/06 13:16:09.296, 200.98, 28433, 69, 100, 64
0, 2023/09/06 13:16:09.356, 258.46, 28433, 69, 100, 65
0, 2023/09/06 13:16:09.419, 258.46, 28433, 63, 100, 64
0, 2023/09/06 13:16:09.477, 285.84, 28433, 63, 100, 66
0, 2023/09/06 13:16:09.537, 233.51, 28433, 63, 100, 65
0, 2023/09/06 13:16:09.598, 233.51, 28433, 65, 100, 65
0, 2023/09/06 13:16:09.663, 251.32, 28433, 65, 100, 65
0, 2023/09/06 13:16:09.726, 251.32, 28433, 65, 100, 65
0, 2023/09/06 13:16:09.782, 285.33, 28433, 65, 100, 65
0, 2023/09/06 13:16:09.844, 172.80, 28433, 69, 100, 64
0, 2023/09/06 13:16:09.904, 172.80, 28433, 69, 100, 65
0, 2023/09/06 13:16:09.980, 222.62, 28433, 69, 100, 64
0, 2023/09/06 13:16:10.035, 222.62, 28433, 63, 100, 65
0, 2023/09/06 13:16:10.094, 282.05, 28433, 63, 100, 65
0, 2023/09/06 13:16:10.155, 241.16, 28433, 63, 100, 64
0, 2023/09/06 13:16:10.217, 241.16, 28433, 79, 100, 65
0, 2023/09/06 13:16:10.277, 208.46, 28433, 79, 100, 64
0, 2023/09/06 13:16:10.332, 208.46, 28433, 79, 100, 65
0, 2023/09/06 13:16:10.390, 232.04, 28433, 79, 100, 65
0, 2023/09/06 13:16:10.452, 287.77, 28435, 67, 100, 65
0, 2023/09/06 13:16:10.513, 287.77, 28435, 67, 100, 65
0, 2023/09/06 13:16:10.573, 216.13, 28435, 67, 100, 65
0, 2023/09/06 13:16:10.632, 216.13, 28435, 64, 100, 66
0, 2023/09/06 13:16:10.686, 255.72, 28437, 64, 100, 65
0, 2023/09/06 13:16:10.741, 255.72, 28437, 64, 100, 65
0, 2023/09/06 13:16:10.796, 248.99, 28437, 64, 100, 65
0, 2023/09/06 13:16:10.858, 255.53, 28437, 71, 100, 65
0, 2023/09/06 13:16:10.931, 255.53, 28439, 71, 100, 65
0, 2023/09/06 13:16:10.985, 225.78, 28439, 71, 100, 65
0, 2023/09/06 13:16:11.041, 225.78, 28439, 68, 100, 65
0, 2023/09/06 13:16:11.105, 268.90, 28439, 68, 100, 65
0, 2023/09/06 13:16:11.163, 264.60, 28439, 68, 100, 65
0, 2023/09/06 13:16:11.226, 264.60, 28439, 79, 100, 65
0, 2023/09/06 13:16:11.284, 223.01, 28439, 79, 100, 65
0, 2023/09/06 13:16:11.344, 223.01, 28439, 79, 100, 65
0, 2023/09/06 13:16:11.408, 243.51, 28439, 79, 100, 65
